Agent_ID,Team,Wave,Deliverable,Test_Count,Status,Completion_Date,Lines_of_Code
TL-A3-3-A,A3,2.0,Cognitive Load Detection,50,COMPLETE,2026-03-23,~2500
TL-A3-3-B,A3,2.0,Adaptive UI System,68,COMPLETE,2026-03-23,4330
TL-A3-3-C,A3,2.0,Learning Path AI,40,COMPLETE,2026-03-23,~3500
TL-A4-3-A,A4,2.0,Motor Accessibility,53,COMPLETE,2026-03-23,~4100
TL-H3-3-A,H3,2.0,Animation State Machine,81,COMPLETE,2026-03-23,~1200
TL-H3-3-B,H3,2.0,Particle VFX System,41,COMPLETE,2026-03-23,~2500
TL-H3-3-C,H3,2.0,Animation Blending System,27,COMPLETE,2026-03-23,~2100
TL-H3-3-D,H3,2.0,Emote & Expression System,60,COMPLETE,2026-03-23,~1500
TL-H4-3-A,H4,2.0,Audio System Integration,28,COMPLETE,2026-03-23,~1500
TL-H4-3-B,H4,2.0,3D Spatial Audio,61,COMPLETE,2026-03-23,~5500
TL-S3-3-A,S3,2.0,ML Data Pipeline,39,COMPLETE,2026-03-23,3640
TL-S3-3-B,S3,2.0,ML Prediction Models,48,COMPLETE,2026-03-23,2950
TL-S3-3-C,S3,2.0,ML Training Pipeline,30,COMPLETE,2026-03-23,~3200
TL-S4-3-A,S4,2.0,WebSocket Live Connection,16,COMPLETE,2026-03-23,~2200
TL-S4-3-B,S4,2.0,Live Data Ingestion,38,COMPLETE,2026-03-23,~2500
TL-S4-3-C,S4,2.0,Real-time Analytics Dashboard,32,COMPLETE,2026-03-23,~3800
TL-S5-3-A,S5,2.0,3D Tactical Map Rendering,27,COMPLETE,2026-03-23,4100
TL-S5-3-B,S5,2.0,Map Optimization System,52,COMPLETE,2026-03-23,~3000
TL-S6-3-A,S6,2.0,Data Ingestion Pipeline,39,COMPLETE,2026-03-23,~3200
TL-S6-3-B,S6,2.0,Data Validation & Cleaning,30,COMPLETE,2026-03-23,4900
